{
    "xgboost": {
      "Train": {
        "MAE": 154.74975296254826,
        "R2": 0.8131781076091433
      },
      "Validation": {
        "MAE": 173.55030551572582,
        "R2": 0.8149708855348679
      },
      "Test": {
        "MAE": 192.70752309773366,
        "R2": 0.7693778136050703
      }
    },
    "decision_tree": {
      "Train": {
        "MAE": 44.35944041063561,
        "R2": 0.9778215143459316
      },
      "Validation": {
        "MAE": 72.50963971360844,
        "R2": 0.9339509568800978
      },
      "Test": {
        "MAE": 94.48049845919502,
        "R2": 0.8900760416569016
      }
    },
    "lgbm": {
      "Train": {
        "MAE": 31.18243995762177,
        "R2": 0.9918002688280548
      },
      "Validation": {
        "MAE": 58.48340454547909,
        "R2": 0.9579777920672081
      },
      "Test": {
        "MAE": 85.757056099735,
        "R2": 0.9111135121962173
      }
    }
  }
  